{
    "myProfile": {
        "statusMessage": "\ud83d\udd30\u0e23\u0e31\u0e1a\u0e40\u0e02\u0e35\u0e22\u0e19\u0e41\u0e25\u0e30\u0e08\u0e33\u0e2b\u0e19\u0e48\u0e32\u0e22\u0e41\u0e2d\u0e1e\u0e1e\u0e34\u0e40\u0e04\u0e0a\u0e31\u0e48\u0e19\n     \u0e42\u0e1b\u0e23\u0e41\u0e01\u0e23\u0e21 Scan -918 Scan -Pussy Scan -Joker Scan-SlotXo Scan\n\ud83d\udd30\u0e23\u0e31\u0e1a\u0e40\u0e02\u0e35\u0e22\u0e19\u0e41\u0e25\u0e30\u0e08\u0e33\u0e2b\u0e19\u0e48\u0e32\u0e22\u0e1a\u0e2d\u0e17\u0e44\u0e25\u0e19\u0e4c\u0e17\u0e38\u0e01\u0e0a\u0e19\u0e34\u0e14\u0e15\u0e32\u0e21\u0e2a\u0e31\u0e48\u0e07\n\ud83d\udce2\u0e23\u0e31\u0e1a\u0e42\u0e1b\u0e23\u0e42\u0e21\u0e17\u0e40\u0e1e\u0e08 \u0e42\u0e1b\u0e23\u0e42\u0e21\u0e17\u0e2a\u0e34\u0e19\u0e04\u0e49\u0e32\u0e17\u0e38\u0e01\u0e0a\u0e19\u0e34\u0e14\n      \u0e1b\u0e23\u0e30\u0e19\u0e32\u0e21\u0e40\u0e1e\u0e08\u0e42\u0e01\u0e07 \u0e41\u0e08\u0e49\u0e07\u0e02\u0e48\u0e32\u0e27\u0e2a\u0e32\u0e23\u0e15\u0e48\u0e32\u0e07\u0e46\n      \u0e01\u0e32\u0e23\u0e31\u0e19\u0e15\u0e35\u0e1c\u0e25\u0e07\u0e32\u0e19 \u0e21\u0e35\u0e10\u0e32\u0e19\u0e25\u0e39\u0e01\u0e04\u0e49\u0e32\u0e23\u0e2d\u0e07\u0e23\u0e31\u0e1a\n      \u0e1c\u0e25\u0e07\u0e32\u0e19\u0e21\u0e32\u0e01\u0e01\u0e27\u0e48\u0e32 2\u0e1b\u0e35 \n\ud83d\udc49\u0e15\u0e34\u0e14\u0e15\u0e48\u0e2d Line ID: vipscanner_win",
        "pictureStatus": "0hfrtn0pjXOV1JFxLGLvhGCnVSNzA-OT8VMXJzbmhAb28zL34LdyN-M2wVYm42JngDdHByPmsRM24z",
        "coverId": "3c2cde50ea65b357d9b39f1cfafeef05",
        "displayName": "\ua9c1\u0f3a\u0b86\u0e37\u0a39\u0ec2\u221a\u1014\u0f3b\ua9c2"
    },
    "changeGroupPicture": [],
    "defaultReplyReader": "Sini kak @! temanin dedek \ud83d\ude25",
    "checkContact": false,
    "author_lineid": "You can add the author by line id, https://line.me/ti/p/~vipscanner_win",
    "checkSticker": false,
    "Aip": true,
    "autoRespondMention": {
        "status": true,
        "message": "Kenapa kak? @! Mau Tf kah? \ud83d\ude33"
    },
    "setKey": {
        "key": "",
        "status": true
    },
    "changePictureProfile": false,
    "changevp": false,
    "changeCoverProfile": false,
    "restartPoint": "u65129423a63f75ecae3ea189f9540054",
    "checkPost": false,
    "Leave": false,
    "Welcome": false,
    "autoJoin": {
        "status": true,
        "ticket": true,
        "message": "\u0e2a\u0e27\u0e31\u0e2a\u0e14\u0e35  @!",
        "reply": true
    },
    "changeCoverPicture": false,
    "autoRespond": {
        "status": false,
        "message": "https://line.me/ti/p/~vipscanner_win"
    },
    "greet": {
        "join": {
            "status": true,
            "message": "Selamat Datang Kak @! \ud83d\ude0d"
        },
        "leave": {
            "status": true,
            "message": "Bye bye @!"
        }
    },
    "autoRead": false,
    "copyright": "If you respect the author please don't remove this copyright\n\u00a9 2018 Hello World",
    "mimic": {
        "target": {
            "u3f844cd72c18c54434a1b4f2cd1550d6": false
        },
        "status": false
    },
    "autoAdd": {
        "status": true,
        "message": "\u0e02\u0e2d\u0e1a\u0e04\u0e38\u0e13\u0e17\u0e35\u0e48 add :v , \u0e2a\u0e19\u0e43\u0e08\u0e1a\u0e2d\u0e17 / \u0e15\u0e34\u0e14\u0e15\u0e48\u0e2d https://line.me/ti/p/~vipscanner_win",
        "reply": true
    },
    "winvite": true
}